service_request_number,group_number
1,7
2,4
3,8
4,5
5,7
6,3
7,7
8,8
9,5
10,4
11,8
12,8
13,3
14,6
15,5
16,2
17,8
18,6
19,2
20,5
21,1
22,6
23,9
24,1
25,3
26,7
27,4
28,9
29,3
30,5
31,3
32,7
33,5
34,9
35,7
36,2
37,4
38,9
39,2
40,9
41,5
42,2
43,4
44,7
45,8
46,3
47,1
48,4
49,2
50,8
51,4
52,2
53,6
54,6
55,4
56,6
57,2
58,2
59,4
60,8
61,7
62,9
63,8
64,5
65,2
66,5
67,8
68,9
69,9
70,1
71,9
72,7
73,9
74,8
75,1
76,8
77,8
78,3
79,1
80,8
81,3
82,3
83,1
84,5
85,7
86,9
87,7
88,9
89,8
90,2
91,1
92,7
93,7
94,8
95,5
96,3
97,8
98,6
99,3
100,1
101,3
102,5
103,3
104,1
105,5
106,7
107,7
108,9
109,3
110,7
111,1
112,4
113,4
114,5
115,7
116,7
117,4
118,7
119,3
120,6
121,2
122,9
123,5
124,6
125,4
126,7
127,9
128,7
129,1
130,1
131,9
132,9
133,4
134,9
135,3
136,7
137,6
138,8
139,9
140,5
141,1
142,3
143,8
144,6
145,8
146,9
147,4
148,1
149,1
150,4
151,7
152,2
153,3
154,1
155,5
156,1
157,8
158,1
159,1
160,2
161,2
162,6
163,7
164,5
165,1
166,1
167,3
168,2
169,5
170,6
171,7
172,4
173,7
174,8
175,1
176,6
177,8
178,5
179,4
180,2
181,6
182,6
183,1
184,9
185,6
186,3
187,4
188,4
189,3
190,3
191,3
192,4
193,7
194,4
195,9
196,1
197,8
198,7
199,2
200,8
201,1
202,9
203,9
204,2
205,7
206,3
207,7
208,9
209,4
210,1
211,2
212,1
213,5
214,5
215,7
216,9
217,9
218,3
219,3
220,3
221,4
222,8
223,6
224,8
225,1
226,8
227,4
228,1
229,8
230,4
231,6
232,8
233,4
234,3
235,9
236,3
237,9
238,2
239,2
240,2
241,6
242,3
243,9
244,4
245,1
246,4
247,1
248,5
249,4
250,8
251,8
252,7
253,3
254,1
255,1
256,3
257,6
258,7
259,6
260,6
261,6
262,3
263,6
264,8
265,2
266,5
267,1
268,1
269,5
270,3
271,4
272,3
273,1
274,1
275,5
276,6
277,3
278,9
279,5
280,8
281,1
282,5
283,3
284,1
285,4
286,5
287,7
288,1
289,3
290,2
291,9
292,6
293,3
294,8
295,8
296,2
297,6
298,7
299,2
300,2
301,1
302,8
303,1
304,9
305,6
306,7
307,7
308,3
309,2
310,9
311,8
312,7
313,9
314,4
315,4
316,1
317,8
318,3
319,7
320,2
321,2
322,7
323,6
324,3
325,9
326,6
327,6
328,1
329,4
330,6
331,6
332,5
333,1
334,8
335,5
336,5
337,7
338,4
339,6
340,4
341,3
342,7
343,8
344,4
345,2
346,3
347,1
348,8
349,3
350,7
351,5
352,5
353,7
354,9
355,5
356,1
357,1
358,2
359,6
360,9
361,8
362,5
363,1
364,7
365,5
366,6
367,7
368,3
369,3
370,5
371,6
372,9
373,5
374,1
375,4
376,5
377,5
378,7
379,4
380,1
381,5
382,7
383,6
384,5
385,4
386,2
387,4
388,3
389,1
390,8
391,5
392,4
393,8
394,7
395,2
396,1
397,4
398,8
399,2
400,3
401,1
402,1
403,3
404,5
405,3
406,1
407,1
408,8
409,2
410,3
411,2
412,3
413,7
414,1
415,8
416,2
417,3
418,9
419,7
420,4
421,5
422,2
423,8
424,4
425,9
426,5
427,9
428,4
429,5
430,9
431,8
432,3
433,1
434,3
435,4
436,2
437,1
438,7
439,8
440,7
441,5
442,1
443,7
444,7
445,9
446,3
447,9
448,1
449,1
450,4
451,9
452,6
453,3
454,1
455,4
456,9
457,3
458,9
459,7
460,4
461,3
462,5
463,5
464,3
465,9
466,4
467,5
468,4
469,5
470,7
471,9
472,7
473,5
474,7
475,5
476,3
477,7
478,2
479,9
480,1
481,6
482,7
483,8
484,9
485,2
486,2
487,5
488,5
489,6
490,3
491,8
492,1
493,6
494,4
495,1
496,7
497,9
498,4
499,4
500,6
501,3
502,6
503,7
504,3
505,7
506,3
507,2
508,4
509,8
510,9
511,7
512,1
513,3
514,9
515,1
516,9
517,8
518,1
519,6
520,5
521,6
522,5
523,6
524,5
525,5
526,4
527,3
528,3
529,4
530,9
531,2
532,9
533,1
534,1
535,5
536,6
537,6
538,3
539,7
540,9
541,8
542,6
543,8
544,5
545,8
546,4
547,8
548,2
549,5
550,9
551,4
552,6
553,1
554,9
555,1
556,5
557,4
558,3
559,6
560,2
561,3
562,5
563,9
564,2
565,8
566,2
567,5
568,7
569,8
570,1
571,6
572,1
573,2
574,1
575,5
576,9
577,6
578,1
579,1
580,2
581,9
582,3
583,1
584,5
585,7
586,6
587,1
588,5
589,5
590,6
591,3
592,5
593,7
594,5
595,5
596,5
597,3
598,1
599,5
600,9
601,1
602,3
603,4
604,1
605,1
606,8
607,2
608,8
609,7
610,2
611,6
612,6
613,3
614,2
615,1
616,6
617,5
618,9
619,1
620,7
621,5
622,5
623,2
624,3
625,7
626,6
627,2
628,6
629,2
630,2
631,2
632,3
633,2
634,4
635,9
636,6
637,1
638,8
639,7
640,3
641,1
642,5
643,4
644,8
645,1
646,1
647,4
648,8
649,5
650,2
651,6
652,5
653,2
654,3
655,9
656,7
657,7
658,6
659,8
660,4
661,8
662,4
663,8
664,9
665,3
666,3
667,2
668,3
669,3
670,5
671,5
672,2
673,6
674,5
675,6
676,1
677,5
678,9
679,2
680,1
681,9
682,9
683,9
684,6
685,8
686,1
687,4
688,1
689,8
690,1
691,3
692,4
693,8
694,6
695,7
696,8
697,2
698,8
699,3
700,7
701,3
702,7
703,2
704,6
705,3
706,3
707,9
708,7
709,5
710,7
711,9
712,1
713,7
714,6
715,9
716,1
717,4
718,9
719,4
720,3
721,9
722,2
723,4
724,6
725,2
726,8
727,8
728,1
729,3
730,9
731,5
732,6
733,4
734,2
735,8
736,6
737,5
738,9
739,1
740,5
741,6
742,5
743,6
744,6
745,7
746,4
747,8
748,7
749,9
750,7
751,3
752,3
753,8
754,5
755,4
756,8
757,6
758,2
759,4
760,4
761,6
762,6
763,1
764,8
765,6
766,3
767,9
768,2
769,8
770,3
771,5
772,6
773,6
774,4
775,3
776,4
777,1
778,4
779,1
780,1
781,6
782,5
783,4
784,3
785,1
786,6
787,2
788,8
789,5
790,7
791,2
792,8
793,2
794,4
795,1
796,5
797,9
798,1
799,9
800,8
801,6
802,7
803,3
804,1
805,5
806,2
807,5
808,8
809,9
810,2
811,3
812,3
813,1
814,8
815,6
816,8
817,9
818,5
819,3
820,5
821,5
822,5
823,3
824,4
825,9
826,9
827,2
828,8
829,8
830,7
831,8
832,3
833,6
834,1
835,7
836,1
837,9
838,1
839,1
840,7
841,2
842,5
843,8
844,8
845,3
846,7
847,3
848,6
849,6
850,3
851,7
852,3
853,8
854,4
855,1
856,4
857,7
858,4
859,6
860,9
861,1
862,5
863,7
864,1
865,4
866,6
867,2
868,5
869,1
870,6
871,6
872,4
873,8
874,4
875,8
876,8
877,5
878,4
879,2
880,3
881,3
882,4
883,4
884,5
885,4
886,8
887,6
888,6
889,8
890,7
891,8
892,2
893,9
894,1
895,8
896,4
897,4
898,5
899,8
900,5
901,8
902,1
903,9
904,6
905,3
906,8
907,9
908,6
909,7
910,1
911,5
912,5
913,4
914,6
915,7
916,9
917,1
918,6
919,7
920,3
921,8
922,5
923,9
924,5
925,9
926,4
927,9
928,5
929,9
930,3
931,4
932,9
933,6
934,2
935,7
936,2
937,2
938,1
939,3
940,6
941,8
942,9
943,7
944,4
945,6
946,5
947,8
948,1
949,1
950,6
951,2
952,5
953,1
954,7
955,1
956,4
957,9
958,1
959,4
960,6
961,6
962,8
963,1
964,7
965,1
966,7
967,3
968,8
969,3
970,1
971,8
972,3
973,2
974,1
975,3
976,2
977,2
978,6
979,1
980,2
981,6
982,3
983,4
984,1
985,8
986,7
987,7
988,3
989,3
990,2
991,1
992,7
993,7
994,2
995,7
996,8
997,1
998,9
999,7
1000,3
1001,8
1002,7
1003,8
1004,6
1005,9
1006,5
1007,3
1008,3
1009,1
1010,8
1011,2
1012,3
1013,8
1014,8
1015,4
1016,4
1017,5
1018,6
1019,5
1020,7
1021,2
1022,7
1023,7
1024,1
1025,7
1026,5
1027,3
1028,3
1029,4
1030,2
1031,2
1032,1
1033,5
1034,4
1035,2
1036,3
1037,7
1038,7
1039,4
1040,5
1041,5
1042,6
1043,9
1044,2
1045,5
1046,3
1047,4
1048,6
1049,8
1050,1
1051,8
1052,7
1053,1
1054,2
1055,3
1056,1
1057,9
1058,8
1059,2
1060,9
1061,7
1062,9
1063,6
1064,6
1065,4
1066,2
1067,7
1068,5
1069,6
1070,2
1071,5
1072,4
1073,9
1074,6
1075,2
1076,1
1077,5
1078,9
1079,6
1080,7
1081,5
1082,6
1083,5
1084,9
1085,6
1086,8
1087,2
1088,9
1089,5
1090,7
1091,1
1092,5
1093,2
1094,6
1095,1
1096,3
1097,5
1098,4
1099,3
1100,5
1101,8
1102,4
1103,1
1104,7
1105,8
1106,3
1107,6
1108,2
1109,7
1110,8
1111,6
1112,6
1113,5
1114,8
1115,1
1116,4
1117,4
1118,3
1119,3
1120,4
1121,1
1122,2
1123,9
1124,2
1125,5
1126,9
1127,9
1128,8
1129,1
1130,1
1131,9
1132,8
1133,9
1134,7
1135,3
1136,3
1137,2
1138,5
1139,3
1140,6
1141,2
1142,3
1143,5
1144,1
1145,1
1146,9
1147,7
1148,1
1149,8
1150,3
1151,8
1152,5
1153,1
1154,7
1155,5
1156,6
1157,6
1158,8
1159,9
1160,2
1161,9
1162,9
1163,7
1164,1
1165,7
1166,5
1167,6
1168,7
1169,5
1170,7
1171,9
1172,3
1173,8
1174,2
1175,7
1176,2
1177,4
1178,7
1179,3
1180,2
1181,7
1182,1
1183,8
1184,3
1185,2
1186,3
1187,5
1188,8
1189,7
1190,7
1191,7
1192,8
1193,1
1194,4
1195,6
1196,9
1197,2
1198,1
1199,2
1200,7
1201,3
1202,2
1203,7
1204,2
1205,3
1206,7
1207,4
1208,1
1209,5
1210,9
1211,8
1212,9
1213,9
1214,7
1215,4
1216,5
1217,1
1218,1
1219,3
1220,8
1221,2
1222,4
1223,2
1224,5
1225,9
1226,1
1227,5
1228,9
1229,1
1230,9
1231,8
1232,4
1233,5
1234,5
1235,6
1236,7
1237,8
1238,8
1239,2
1240,9
1241,7
1242,4
1243,4
1244,8
1245,4
1246,6
1247,5
1248,3
1249,2
1250,9
1251,9
1252,1
1253,3
1254,8
1255,6
1256,5
1257,5
1258,6
1259,7
1260,1
1261,9
1262,3
1263,4
1264,1
1265,3
1266,2
1267,2
1268,1
1269,8
1270,3
1271,3
1272,6
1273,8
1274,9
1275,9
1276,4
1277,5
1278,2
1279,9
1280,8
1281,3
1282,9
1283,3
1284,9
1285,2
1286,9
1287,8
1288,9
1289,5
1290,2
1291,8
1292,6
1293,8
1294,5
1295,2
1296,6
1297,5
1298,5
1299,1
1300,2
1301,8
1302,3
1303,3
1304,8
1305,8
1306,2
1307,8
1308,1
1309,6
1310,8
1311,3
1312,8
1313,1
1314,9
1315,9
1316,5
1317,4
1318,6
1319,7
1320,5
1321,9
1322,3
1323,7
1324,5
1325,7
1326,2
1327,4
1328,2
1329,7
1330,2
1331,1
1332,9
1333,1
1334,8
1335,2
1336,8
1337,3
1338,6
1339,3
1340,7
1341,9
1342,2
1343,5
1344,6
1345,4
1346,4
1347,4
1348,2
1349,4
1350,1
1351,6
1352,1
1353,6
1354,1
1355,6
1356,8
1357,2
1358,2
1359,4
1360,3
1361,4
1362,7
1363,1
1364,6
1365,3
1366,7
1367,2
1368,2
1369,4
1370,1
1371,3
1372,9
1373,7
1374,7
1375,4
1376,2
1377,4
1378,6
1379,3
1380,1
1381,8
1382,5
1383,5
1384,4
1385,6
1386,3
1387,9
1388,5
1389,3
1390,1
1391,6
1392,2
1393,3
1394,1
1395,9
1396,8
1397,2
1398,8
1399,9
1400,1
1401,5
1402,8
1403,2
1404,4
1405,7
1406,3
1407,5
1408,8
1409,3
1410,4
1411,9
1412,7
1413,1
1414,4
1415,4
1416,9
1417,6
1418,9
1419,6
1420,6
1421,5
1422,5
1423,2
1424,8
1425,8
1426,1
1427,8
1428,5
1429,2
1430,2
1431,6
1432,9
1433,1
1434,6
1435,9
1436,8
1437,6
1438,3
1439,8
1440,9
1441,1
1442,9
1443,6
1444,6
1445,4
1446,1
1447,8
1448,2
1449,1
1450,2
1451,1
1452,1
1453,9
1454,1
1455,4
1456,6
1457,7
1458,2
1459,6
1460,7
1461,2
1462,2
1463,7
1464,1
1465,8
1466,3
1467,6
1468,9
1469,6
1470,9
1471,7
1472,9
1473,2
1474,8
1475,8
1476,2
1477,4
1478,7
1479,4
1480,4
1481,6
1482,6
1483,3
1484,9
1485,2
1486,6
1487,7
1488,9
1489,3
1490,3
1491,7
1492,4
1493,8
1494,7
1495,5
1496,7
1497,3
1498,2
1499,6
1500,2
1501,3
1502,6
1503,5
1504,8
1505,9
1506,3
1507,3
1508,3
1509,6
1510,1
1511,7
1512,1
1513,5
1514,8
1515,4
1516,5
1517,4
1518,4
1519,8
1520,2
1521,1
1522,3
1523,9
1524,4
1525,5
1526,2
1527,4
1528,2
1529,2
1530,4
1531,6
1532,7
1533,3
1534,3
1535,6
1536,3
1537,2
1538,8
1539,5
1540,1
1541,3
1542,8
1543,4
1544,7
1545,2
1546,7
1547,5
1548,5
1549,6
1550,9
1551,6
1552,8
1553,7
1554,9
1555,4
1556,2
1557,7
1558,6
1559,1
1560,9
1561,9
1562,2
1563,3
1564,5
1565,5
1566,1
1567,8
1568,8
1569,4
1570,7
1571,3
1572,6
1573,9
1574,1
1575,5
1576,4
1577,8
1578,1
1579,9
1580,6
1581,4
1582,9
1583,5
1584,5
1585,5
1586,1
1587,1
1588,8
1589,8
1590,6
1591,4
1592,2
1593,2
1594,9
1595,5
1596,4
1597,1
1598,7
1599,3
1600,6
1601,5
1602,5
1603,5
1604,1
1605,1
1606,3
1607,4
1608,5
1609,2
1610,8
1611,2
1612,9
1613,2
1614,9
1615,7
1616,8
1617,2
1618,7
1619,6
1620,4
1621,7
1622,4
1623,2
1624,7
1625,8
1626,2
1627,5
1628,1
1629,7
1630,8
1631,6
1632,5
1633,6
1634,2
1635,1
1636,7
1637,7
1638,2
1639,2
1640,1
1641,8
1642,8
1643,1
1644,8
1645,9
1646,4
1647,1
1648,1
1649,3
1650,5
1651,5
1652,9
1653,2
1654,2
1655,6
1656,9
1657,1
1658,9
1659,9
1660,9
1661,5
1662,9
1663,4
1664,2
1665,6
1666,4
1667,6
1668,3
1669,6
1670,2
1671,2
1672,9
1673,7
1674,3
1675,1
1676,8
1677,6
1678,7
1679,9
1680,5
1681,1
1682,7
1683,5
1684,3
1685,9
1686,1
1687,1
1688,1
1689,3
1690,6
1691,3
1692,8
1693,2
1694,9
1695,3
1696,5
1697,8
1698,2
1699,6
1700,5
1701,9
1702,5
1703,2
1704,5
1705,4
1706,7
1707,6
1708,2
1709,5
1710,7
1711,7
1712,5
1713,9
1714,4
1715,3
1716,4
1717,5
1718,6
1719,3
1720,2
1721,4
1722,5
1723,4
1724,3
1725,8
1726,4
1727,2
1728,2
1729,1
1730,4
1731,9
1732,7
1733,7
1734,7
1735,8
1736,1
1737,8
1738,4
1739,4
1740,4
1741,6
1742,7
1743,6
1744,1
1745,8
1746,7
1747,6
1748,6
1749,5
1750,6
1751,9
1752,9
1753,8
1754,9
1755,8
1756,8
1757,1
1758,5
1759,4
1760,2
1761,8
1762,3
1763,4
1764,7
1765,9
1766,2
1767,3
1768,4
1769,1
1770,7
1771,2
1772,5
1773,1
1774,3
1775,2
1776,1
1777,7
1778,5
1779,1
1780,6
1781,5
1782,3
1783,7
1784,9
1785,9
1786,9
1787,2
1788,3
1789,7
1790,5
1791,2
1792,3
1793,6
1794,7
1795,9
1796,1
1797,7
1798,8
1799,3
1800,4
1801,6
1802,7
1803,4
1804,8
1805,5
1806,1
1807,4
1808,3
1809,9
1810,8
1811,1
1812,6
1813,9
1814,7
1815,4
1816,1
1817,2
1818,5
1819,5
1820,8
1821,6
1822,8
1823,2
1824,3
1825,6
1826,3
1827,6
1828,6
1829,2
1830,7
1831,2
1832,6
1833,1
1834,3
1835,2
1836,7
1837,4
1838,8
1839,6
1840,4
1841,5
1842,9
1843,7
1844,9
1845,7
1846,1
1847,8
1848,4
1849,3
1850,7
1851,3
1852,8
1853,6
1854,5
1855,4
1856,8
1857,8
1858,1
1859,9
1860,5
1861,4
1862,6
1863,6
1864,2
1865,8
1866,7
1867,1
1868,5
1869,6
1870,4
1871,2
1872,4
1873,1
1874,7
1875,2
1876,2
1877,9
1878,5
1879,2
1880,9
1881,9
1882,1
1883,3
1884,4
1885,7
1886,4
1887,2
1888,7
1889,6
1890,3
1891,6
1892,6
1893,5
1894,4
1895,1
1896,6
1897,2
1898,3
1899,8
1900,6
1901,3
1902,7
1903,4
1904,9
1905,5
1906,3
1907,2
1908,2
1909,3
1910,2
1911,4
1912,2
1913,9
1914,2
1915,9
1916,6
1917,1
1918,4
1919,1
1920,6
1921,4
1922,3
1923,3
1924,9
1925,6
1926,9
1927,5
1928,2
1929,8
1930,5
1931,2
1932,4
1933,9
1934,4
1935,4
1936,2
1937,6
1938,2
1939,7
1940,3
1941,3
1942,5
1943,3
1944,2
1945,9
1946,2
1947,2
1948,8
1949,9
1950,7
1951,3
1952,9
1953,3
1954,5
1955,9
1956,3
1957,7
1958,1
1959,4
1960,4
1961,7
1962,8
1963,1
1964,5
1965,7
1966,4
1967,4
1968,4
1969,6
1970,7
1971,2
1972,5
1973,4
1974,3
1975,7
1976,6
1977,7
1978,5
1979,6
1980,5
1981,7
1982,2
1983,5
1984,6
1985,6
1986,5
1987,7
1988,8
1989,7
1990,5
1991,1
1992,5
1993,2
1994,5
1995,5
1996,2
1997,5
1998,4
1999,1
2000,3
2001,1
2002,5
2003,4
2004,7
2005,5
2006,4
2007,2
2008,4
2009,2
2010,8
2011,3
2012,9
2013,4
2014,6
2015,5
2016,1
2017,9
2018,1
2019,8
2020,9
2021,9
2022,1
2023,2
2024,1
2025,2
2026,8
2027,5
2028,7
2029,2
2030,8
2031,6
2032,8
2033,1
2034,1
2035,7
2036,8
2037,3
2038,5
2039,1
2040,7
2041,5
2042,8
2043,8
2044,9
2045,7
2046,1
2047,3
2048,8
2049,3
2050,8
2051,1
2052,5
2053,4
2054,5
2055,8
2056,4
2057,4
2058,3
2059,7
2060,3
2061,3
2062,5
2063,5
2064,6
2065,8
2066,6
2067,1
2068,8
2069,8
2070,9
2071,9
2072,2
2073,2
2074,3
2075,1
2076,4
2077,4
2078,9
2079,9
2080,9
2081,7
2082,2
2083,5
2084,4
2085,8
2086,2
2087,6
2088,5
2089,2
2090,1
2091,8
2092,2
2093,7
2094,9
2095,9
2096,8
2097,9
2098,2
2099,6
2100,4
2101,4
2102,5
2103,3
2104,1
2105,8
2106,5
2107,3
2108,7
2109,7
2110,1
2111,9
2112,2
2113,5
2114,5
2115,8
2116,8
2117,7
2118,7
2119,6
2120,6
2121,9
2122,6
2123,2
2124,2
2125,5
2126,4
2127,2
2128,3
2129,7
2130,8
2131,6
2132,5
2133,1
2134,8
2135,3
2136,6
2137,3
2138,7
2139,7
2140,9
2141,5
2142,8
2143,8
2144,1
2145,5
2146,3
2147,1
2148,4
2149,8
2150,3
2151,2
2152,9
2153,5
2154,7
2155,2
2156,9
2157,9
2158,4
2159,4
2160,6
2161,6
2162,1
2163,9
2164,2
2165,5
2166,9
2167,4
2168,3
2169,7
2170,6
2171,8
2172,3
2173,5
2174,4
2175,4
2176,4
2177,8
2178,6
2179,3
2180,5
2181,6
2182,5
2183,6
2184,8
2185,7
2186,5
2187,6
2188,4
2189,9
2190,4
2191,1
2192,7
2193,7
2194,4
2195,3
2196,8
2197,5
2198,7
2199,4
2200,4
2201,8
2202,8
2203,2
2204,2
2205,3
2206,3
2207,1
2208,3
2209,6
2210,8
2211,6
2212,5
2213,4
2214,3
2215,4
2216,7
2217,1
2218,7
2219,1
2220,2
2221,4
2222,1
2223,9
2224,6
2225,1
2226,1
2227,6
2228,4
2229,4
2230,6
2231,7
2232,9
2233,5
2234,9
2235,4
2236,2
2237,3
2238,1
2239,6
2240,6
2241,1
2242,3
2243,5
2244,3
2245,3
2246,3
2247,5
2248,5
2249,4
2250,1
2251,5
2252,5
2253,4
2254,6
2255,4
2256,7
2257,7
2258,2
2259,3
2260,1
2261,8
2262,9
2263,4
2264,6
2265,9
2266,6
2267,9
2268,4
2269,8
2270,9
2271,4
2272,5
2273,8
2274,6
2275,7
2276,3
2277,7
2278,8
2279,6
2280,9
2281,6
2282,9
2283,4
2284,8
2285,4
2286,2
2287,9
2288,5
2289,4
2290,2
2291,1
2292,7
2293,6
2294,2
2295,8
2296,4
2297,8
2298,7
2299,5
2300,8
2301,9
2302,5
2303,5
2304,2
2305,5
2306,3
2307,7
2308,5
2309,8
2310,1
2311,3
2312,3
2313,9
2314,5
2315,9
2316,9
2317,1
2318,2
2319,5
2320,4
2321,9
2322,7
2323,6
2324,7
2325,1
2326,1
2327,8
2328,2
2329,9
2330,7
2331,6
2332,1
2333,1
2334,2
2335,6
2336,6
2337,2
2338,1
2339,5
2340,5
2341,2
2342,6
2343,9
2344,2
2345,2
2346,3
2347,7
2348,6
2349,8
2350,8
2351,6
2352,3
2353,3
2354,1
2355,7
2356,5
2357,4
2358,4
2359,4
2360,6
2361,8
2362,8
2363,5
2364,6
2365,4
2366,9
2367,8
2368,1
2369,2
2370,9
2371,8
2372,3
2373,8
2374,1
2375,4
2376,3
2377,6
2378,7
2379,4
2380,7
2381,9
2382,2
2383,3
2384,5
2385,3
2386,8
2387,8
2388,8
2389,9
2390,4
2391,5
2392,5
2393,8
2394,7
2395,9
2396,8
2397,2
2398,4
2399,6
2400,2
2401,7
2402,3
2403,3
2404,2
2405,8
2406,6
2407,1
2408,1
2409,7
2410,8
2411,5
2412,5
2413,4
2414,6
2415,6
2416,3
2417,9
2418,7
2419,1
2420,7
2421,5
2422,5
2423,2
2424,4
2425,6
2426,7
2427,5
2428,9
2429,3
2430,1
2431,4
2432,9
2433,4
2434,2
2435,5
2436,3
2437,9
2438,4
2439,6
2440,2
2441,6
2442,3
2443,9
2444,2
2445,9
2446,5
2447,8
2448,2
2449,6
2450,3
2451,5
2452,8
2453,1
2454,5
2455,3
2456,4
2457,2
2458,9
2459,3
2460,2
2461,9
2462,7
2463,6
2464,1
2465,5
2466,3
2467,1
2468,4
2469,2
2470,2
2471,3
2472,8
2473,8
2474,7
2475,6
2476,9
2477,4
2478,1
2479,8
2480,7
2481,7
2482,3
2483,4
2484,9
2485,6
2486,5
2487,3
2488,9
2489,5
2490,5
2491,4
2492,4
2493,1
2494,7
2495,9
2496,3
2497,2
2498,3
2499,1
2500,6
2501,7
2502,2
2503,8
2504,6
2505,4
2506,5
2507,8
2508,3
2509,3
2510,4
2511,1
2512,9
2513,8
2514,8
2515,6
2516,7
2517,6
2518,9
2519,3
2520,3
2521,3
2522,3
2523,9
2524,4
2525,7
2526,9
2527,7
2528,9
2529,3
2530,4
2531,8
2532,6
2533,5
2534,4
2535,8
2536,1
2537,9
2538,1
2539,8
2540,4
2541,9
2542,5
2543,3
2544,9
2545,9
2546,4
2547,4
2548,8
2549,2
2550,9
2551,6
2552,9
2553,8
2554,7
2555,1
2556,3
2557,2
2558,5
2559,5
2560,5
2561,4
2562,5
2563,3
2564,1
2565,5
2566,9
2567,9
2568,4
2569,3
2570,1
2571,2
2572,8
2573,1
2574,8
2575,7
2576,8
2577,6
2578,9
2579,3
2580,4
2581,6
2582,8
2583,5
2584,3
2585,6
2586,4
2587,9
2588,3
2589,4
2590,7
2591,7
2592,4
2593,6
2594,3
2595,6
2596,2
2597,8
2598,2
2599,7
2600,9
2601,1
2602,8
2603,7
2604,6
2605,6
2606,6
2607,9
2608,2
2609,1
2610,6
2611,8
2612,3
2613,1
2614,9
2615,1
2616,3
2617,8
2618,3
2619,4
2620,8
2621,1
2622,6
2623,1
2624,1
2625,8
2626,4
2627,1
2628,7
2629,5
2630,5
2631,1
2632,6
2633,9
2634,9
2635,8
2636,5
2637,1
2638,9
2639,1
2640,8
2641,5
2642,3
2643,7
2644,7
2645,9
2646,7
2647,3
2648,1
2649,8
2650,3
2651,8
2652,8
2653,5
2654,1
2655,7
2656,5
2657,8
2658,9
2659,7
2660,7
2661,1
2662,4
2663,2
2664,2
2665,2
2666,4
2667,1
2668,4
2669,2
2670,5
2671,3
2672,8
2673,4
2674,1
2675,1
2676,3
2677,9
2678,7
2679,2
2680,9
2681,2
2682,3
2683,2
2684,3
2685,6
2686,9
2687,9
2688,7
2689,3
2690,4
2691,6
2692,5
2693,2
2694,6
2695,3
2696,8
2697,2
2698,1
2699,9
2700,3
2701,1
2702,7
2703,5
2704,5
2705,1
2706,9
2707,7
2708,8
2709,9
2710,6
2711,5
2712,6
2713,2
2714,4
2715,3
2716,7
2717,9
2718,5
2719,6
2720,2
2721,3
2722,3
2723,9
2724,7
2725,8
2726,9
2727,6
2728,4
2729,1
2730,8
2731,7
2732,2
2733,8
2734,5
2735,7
2736,4
2737,5
2738,8
2739,1
2740,1
2741,4
2742,3
2743,2
2744,3
2745,1
2746,1
2747,6
2748,5
2749,8
2750,2
2751,4
2752,8
2753,6
2754,1
2755,4
2756,1
2757,2
2758,5
2759,8
2760,8
2761,3
2762,4
2763,6
2764,3
2765,2
2766,6
2767,5
2768,5
2769,5
2770,5
2771,3
2772,7
2773,6
2774,4
2775,2
2776,9
2777,1
2778,4
2779,1
2780,6
2781,4
2782,5
2783,5
2784,9
2785,1
2786,2
2787,6
2788,5
2789,7
2790,3
2791,3
2792,2
2793,3
2794,1
2795,5
2796,5
2797,7
2798,4
2799,3
2800,1
2801,8
2802,3
2803,2
2804,4
2805,3
2806,1
2807,3
2808,2
2809,8
2810,6
2811,9
2812,8
2813,3
2814,5
2815,7
2816,5
2817,8
2818,5
2819,1
2820,5
2821,4
2822,6
2823,3
2824,5
2825,2
2826,6
2827,6
2828,5
2829,6
2830,7
2831,5
2832,1
2833,8
2834,4
2835,9
2836,6
2837,1
2838,3
2839,3
2840,4
2841,6
2842,7
2843,4
2844,6
2845,1
2846,8
2847,7
2848,9
2849,3
2850,2
2851,1
2852,3
2853,5
2854,2
2855,3
2856,4
2857,7
2858,3
2859,9
2860,8
2861,4
2862,1
2863,1
2864,1
2865,1
2866,8
2867,3
2868,6
2869,3
2870,5
2871,7
2872,2
2873,6
2874,6
2875,3
2876,6
2877,5
2878,2
2879,9
2880,8
2881,3
2882,8
2883,9
2884,3
2885,3
2886,2
2887,8
2888,1
2889,8
2890,7
2891,7
2892,3
2893,1
2894,4
2895,9
2896,5
2897,1
2898,5
2899,8
2900,8
2901,5
2902,9
2903,1
2904,4
2905,3
2906,2
2907,8
2908,7
2909,9
2910,2
2911,4
2912,6
2913,3
2914,8
2915,3
2916,2
2917,3
2918,6
2919,2
2920,8
2921,1
2922,7
2923,2
2924,6
2925,2
2926,2
2927,8
2928,2
2929,7
2930,3
2931,8
2932,7
2933,8
2934,7
2935,6
2936,7
2937,5
2938,7
2939,1
2940,1
2941,9
2942,5
2943,5
2944,3
2945,5
2946,3
2947,9
2948,9
2949,6
2950,1
2951,7
2952,7
2953,4
2954,8
2955,6
2956,4
2957,4
2958,2
2959,2
2960,4
2961,5
2962,8
2963,6
2964,4
2965,7
2966,8
2967,2
2968,7
2969,2
2970,2
2971,8
2972,2
2973,9
2974,1
2975,9
2976,1
2977,2
2978,6
2979,6
2980,1
2981,7
2982,8
2983,2
2984,8
2985,9
2986,6
2987,5
2988,9
2989,9
2990,1
2991,3
2992,9
2993,2
2994,4
2995,4
2996,2
2997,3
2998,3
2999,1
3000,6
3001,8
3002,3
3003,5
3004,1
3005,7
3006,1
3007,9
3008,8
3009,7
3010,7
3011,5
3012,5
3013,5
3014,1
3015,8
3016,1
3017,4
3018,9
3019,9
3020,5
3021,4
3022,3
3023,3
3024,5
3025,1
3026,5
3027,6
3028,7
3029,9
3030,3
3031,2
3032,3
3033,9
3034,7
3035,9
3036,2
3037,5
3038,4
3039,2
3040,9
3041,9
3042,6
3043,6
3044,8
3045,6
3046,1
3047,4
3048,7
3049,2
3050,9
3051,8
3052,8
3053,7
3054,4
3055,2
3056,3
3057,6
3058,5
3059,8
3060,6
3061,6
3062,1
3063,4
3064,5
3065,3
3066,9
3067,1
3068,6
3069,6
3070,5
3071,5
3072,5
3073,6
3074,8
3075,2
3076,6
3077,1
3078,4
3079,3
3080,9
3081,3
3082,6
3083,1
3084,6
3085,4
3086,8
3087,9
3088,4
3089,6
3090,1
3091,4
3092,7
3093,1
3094,8
3095,6
3096,5
3097,9
3098,2
3099,5
3100,6
3101,7
3102,5
3103,9
3104,1
3105,7
3106,7
3107,4
3108,9
3109,5
3110,4
3111,7
3112,4
3113,3
3114,9
3115,8
3116,1
3117,7
3118,9
3119,8
3120,8
3121,6
3122,4
3123,8
3124,3
3125,9
3126,2
3127,2
3128,7
3129,4
3130,8
3131,9
3132,7
3133,5
3134,8
3135,4
3136,2
3137,6
3138,9
3139,1
3140,7
3141,9
3142,9
3143,3
3144,5
3145,8
3146,8
3147,4
3148,1
3149,1
3150,4
3151,6
3152,8
3153,6
3154,9
3155,9
3156,2
3157,1
3158,2
3159,5
3160,4
3161,4
3162,9
3163,8
3164,6
3165,1
3166,2
3167,6
3168,2
3169,5
3170,5
3171,6
3172,6
3173,6
3174,2
3175,3
3176,6
3177,8
3178,1
3179,1
3180,2
3181,6
3182,9
3183,4
3184,3
3185,8
3186,9
3187,5
3188,9
3189,2
3190,3
3191,7
3192,7
3193,6
3194,6
3195,2
3196,6
3197,4
3198,3
3199,2
3200,1
3201,5
3202,2
3203,2
3204,7
3205,8
3206,8
3207,4
3208,1
3209,7
3210,1
3211,4
3212,8
3213,2
3214,6
3215,6
3216,9
3217,5
3218,4
3219,5
3220,5
3221,8
3222,8
3223,2
3224,7
3225,8
3226,6
3227,5
3228,9
3229,3
3230,4
3231,9
3232,6
3233,8
3234,7
3235,2
3236,3
3237,1
3238,9
3239,7
3240,1
3241,3
3242,4
3243,4
3244,5
3245,3
3246,3
3247,1
3248,7
3249,1
3250,2
3251,4
3252,4
3253,5
3254,2
3255,4
3256,1
3257,2
3258,1
3259,4
3260,4
3261,7
3262,9
3263,9
3264,5
3265,1
3266,1
3267,6
3268,2
3269,8
3270,9
3271,4
3272,5
3273,8
3274,3
3275,5
3276,3
3277,3
3278,3
3279,7
3280,7
3281,7
3282,8
3283,5
3284,5
3285,4
3286,7
3287,4
3288,2
3289,4
3290,8
3291,9
3292,3
3293,7
3294,9
3295,4
3296,3
3297,5
3298,1
3299,3
3300,8
3301,8
3302,4
3303,2
3304,8
3305,8
3306,4
3307,3
3308,2
3309,9
3310,1
3311,7
3312,5
3313,8
3314,4
3315,7
3316,5
3317,5
3318,9
3319,9
3320,9
3321,6
3322,6
3323,5
3324,9
3325,8
3326,7
3327,7
3328,6
3329,5
3330,4
3331,3
3332,3
3333,6
3334,4
3335,6
3336,3
3337,4
3338,9
3339,5
3340,7
3341,2
3342,5
3343,9
3344,3
3345,9
3346,6
3347,4
3348,7
3349,8
3350,6
3351,5
3352,6
3353,5
3354,8
3355,1
3356,7
3357,2
3358,9
3359,1
3360,6
3361,9
3362,1
3363,4
3364,4
3365,9
3366,5
3367,5
3368,6
3369,1
3370,1
3371,9
3372,3
3373,4
3374,1
3375,9
3376,8
3377,2
3378,8
3379,7
3380,6
3381,1
3382,7
3383,7
3384,9
3385,1
3386,2
3387,9
3388,9
3389,6
3390,6
3391,4
3392,4
3393,5
3394,3
3395,1
3396,1
3397,7
3398,1
3399,1
3400,3
3401,4
3402,4
3403,2
3404,1
3405,3
3406,4
3407,3
3408,8
3409,1
3410,2
3411,7
3412,4
3413,8
3414,3
3415,6
3416,9
3417,1
3418,1
3419,8
3420,3
3421,5
3422,1
3423,5
3424,6
3425,8
3426,3
3427,3
3428,9
3429,4
3430,4
3431,7
3432,2
3433,8
3434,6
3435,3
3436,9
3437,5
3438,8
3439,7
3440,8
3441,7
3442,3
3443,2
3444,7
3445,3
3446,3
3447,2
3448,4
3449,8
3450,1
3451,1
3452,5
3453,5
3454,1
3455,6
3456,1
3457,5
3458,9
3459,5
3460,6
3461,8
3462,1
3463,2
3464,9
3465,3
3466,6
3467,5
3468,2
3469,7
3470,4
3471,1
3472,4
3473,6
3474,7
3475,7
3476,7
3477,3
3478,6
3479,8
3480,4
3481,8
3482,2
3483,9
3484,9
3485,8
3486,1
3487,2
3488,6
3489,5
3490,9
3491,5
3492,2
3493,4
3494,9
3495,1
3496,1
3497,7
3498,3
3499,2
3500,9
3501,3
3502,2
3503,8
3504,6
3505,6
3506,7
3507,7
3508,6
3509,4
3510,9
3511,6
3512,4
3513,3
3514,4
3515,3
3516,2
3517,5
3518,2
3519,6
3520,3
3521,6
3522,9
3523,1
3524,6
3525,9
3526,4
3527,2
3528,4
3529,1
3530,3
3531,9
3532,5
3533,6
3534,3
3535,5
3536,8
3537,6
3538,4
3539,2
3540,9
3541,1
3542,1
3543,4
3544,7
3545,1
3546,9
3547,4
3548,3
3549,1
3550,4
3551,9
3552,6
3553,6
3554,1
3555,2
3556,6
3557,2
3558,3
3559,4
3560,5
3561,9
3562,4
3563,9
3564,3
3565,8
3566,1
3567,9
3568,9
3569,2
3570,4
3571,8
3572,7
3573,1
3574,5
3575,7
3576,4
3577,1
3578,9
3579,5
3580,2
3581,8
3582,2
3583,3
3584,1
3585,2
3586,7
3587,2
3588,6
3589,3
3590,4
3591,8
3592,3
3593,6
3594,1
3595,7
3596,8
3597,8
3598,3
3599,1
3600,9
3601,6
3602,9
3603,7
3604,1
3605,1
3606,6
3607,5
3608,9
3609,2
3610,8
3611,5
3612,2
3613,6
3614,8
3615,4
3616,2
3617,5
3618,2
3619,2
3620,6
3621,9
3622,4
3623,6
3624,7
3625,6
3626,8
3627,4
3628,1
3629,7
3630,3
3631,6
3632,2
3633,9
3634,1
3635,6
3636,6
3637,5
3638,5
3639,1
3640,5
3641,2
3642,7
3643,3
3644,4
3645,3
3646,3
3647,4
3648,5
3649,1
3650,4
3651,8
3652,7
3653,9
3654,5
3655,4
3656,8
3657,9
3658,7
3659,7
3660,5
3661,4
3662,1
3663,7
3664,1
3665,1
3666,5
3667,9
3668,6
3669,3
3670,3
3671,7
3672,6
3673,9
3674,6
3675,5
3676,7
3677,1
3678,7
3679,3
3680,9
3681,6
3682,9
3683,5
3684,7
3685,4
3686,7
3687,1
3688,7
3689,8
3690,5
3691,2
3692,5
3693,6
3694,2
3695,6
3696,6
3697,1
3698,1
3699,3
3700,3
3701,4
3702,2
3703,9
3704,7
3705,7
3706,6
3707,3
3708,6
3709,8
3710,8
3711,9
3712,1
3713,1
3714,3
3715,3
3716,8
3717,1
3718,2
3719,2
3720,3
3721,6
3722,1
3723,2
3724,1
3725,5
3726,7
3727,8
3728,1
3729,7
3730,5
3731,1
3732,3
3733,7
3734,1
3735,7
3736,5
3737,1
3738,1
3739,1
3740,9
3741,3
3742,5
3743,9
3744,6
3745,9
3746,8
3747,8
3748,1
3749,9
3750,6
3751,9
3752,3
3753,3
3754,6
3755,9
3756,7
3757,3
3758,3
3759,2
3760,9
3761,3
3762,5
3763,9
3764,8
3765,2
3766,3
3767,2
3768,8
3769,6
3770,6
3771,9
3772,8
3773,4
3774,4
3775,9
3776,1
3777,2
3778,2
3779,6
3780,4
3781,3
3782,3
3783,3
3784,6
3785,8
3786,7
3787,4
3788,4
3789,2
3790,1
3791,9
3792,2
3793,8
3794,9
3795,4
3796,8
3797,9
3798,5
3799,7
3800,4
3801,1
3802,3
3803,5
3804,3
3805,7
3806,9
3807,6
3808,1
3809,7
3810,3
3811,5
3812,4
3813,5
3814,5
3815,6
3816,6
3817,8
3818,8
3819,9
3820,8
3821,2
3822,1
3823,2
3824,2
3825,3
3826,7
3827,2
3828,1
3829,6
3830,9
3831,3
3832,6
3833,3
3834,1
3835,5
3836,4
3837,7
3838,6
3839,7
3840,5
3841,4
3842,7
3843,7
3844,6
3845,8
3846,4
3847,5
3848,4
3849,1
3850,8
3851,1
3852,5
3853,6
3854,6
3855,5
3856,3
3857,5
3858,8
3859,2
3860,6
3861,9
3862,8
3863,8
3864,8
3865,7
3866,8
3867,6
3868,2
3869,2
3870,8
3871,1
3872,6
3873,6
3874,4
3875,3
3876,3
3877,1
3878,3
3879,4
3880,5
3881,3
3882,6
3883,5
3884,3
3885,6
3886,6
3887,8
3888,2
3889,1
3890,4
3891,7
3892,3
3893,3
3894,5
3895,5
3896,3
3897,9
3898,4
3899,3
3900,2
3901,9
3902,4
3903,3
3904,7
3905,8
3906,2
3907,7
3908,5
3909,5
3910,3
3911,5
3912,2
3913,4
3914,6
3915,1
3916,4
3917,6
3918,9
3919,2
3920,7
3921,6
3922,2
3923,8
3924,7
3925,5
3926,5
3927,7
3928,9
3929,9
3930,9
3931,6
3932,6
3933,3
3934,1
3935,7
3936,4
3937,1
3938,8
3939,6
3940,6
3941,2
3942,1
3943,2
3944,4
3945,2
3946,1
3947,7
3948,8
3949,6
3950,4
3951,6
3952,3
3953,8
3954,2
3955,5
3956,1
3957,6
3958,2
3959,4
3960,6
3961,8
3962,8
3963,6
3964,4
3965,8
3966,8
3967,1
3968,4
3969,4
3970,7
3971,7
3972,8
3973,5
3974,7
3975,8
3976,9
3977,3
3978,3
3979,4
3980,5
3981,1
3982,7
3983,9
3984,8
3985,5
3986,4
3987,7
3988,5
3989,7
3990,1
3991,1
3992,3
3993,2
3994,2
3995,7
3996,2
3997,4
3998,2
3999,6
4000,8
4001,4
4002,5
4003,4
4004,3
4005,5
4006,9
4007,8
4008,8
4009,8
4010,8
4011,7
4012,8
4013,8
4014,8
4015,7
4016,1
4017,4
4018,4
4019,5
4020,6
4021,4
4022,2
4023,6
4024,8
4025,8
4026,7
4027,6
4028,2
4029,7
4030,5
4031,6
4032,8
4033,8
4034,3
4035,7
4036,1
4037,1
4038,7
4039,9
4040,7
4041,5
4042,8
4043,2
4044,9
4045,6
4046,9
4047,2
4048,3
4049,8
4050,1
4051,7
4052,7
4053,1
4054,9
4055,8
4056,4
4057,5
4058,2
4059,9
4060,6
4061,3
4062,7
4063,9
4064,3
4065,2
4066,7
4067,7
4068,4
4069,9
4070,8
4071,1
4072,1
4073,5
4074,6
4075,3
4076,9
4077,6
4078,4
4079,7
4080,8
4081,9
4082,6
4083,6
4084,8
4085,5
4086,3
4087,3
4088,6
4089,2
4090,6
4091,6
4092,8
4093,7
4094,8
4095,9
4096,6
4097,3
4098,3
4099,1
4100,5
4101,4
4102,9
4103,9
4104,5
4105,4
4106,7
4107,6
4108,4
4109,2
4110,1
4111,4
4112,4
4113,1
4114,6
4115,4
4116,1
4117,1
4118,1
4119,8
4120,8
4121,2
4122,7
4123,8
4124,8
4125,7
4126,5
4127,1
4128,9
4129,7
4130,2
4131,6
4132,2
4133,1
4134,7
4135,2
4136,2
4137,5
4138,5
4139,7
4140,1
4141,8
4142,3
4143,4
4144,9
4145,4
4146,5
4147,7
4148,4
4149,1
4150,9
4151,4
4152,9
4153,6
4154,1
4155,3
4156,2
4157,9
4158,1
4159,9
4160,9
4161,8
4162,8
4163,1
4164,8
4165,3
4166,7
4167,1
4168,1
4169,5
4170,5
4171,8
4172,7
4173,8
4174,6
4175,6
4176,2
4177,6
4178,5
4179,3
4180,6
4181,8
4182,9
4183,1
4184,3
4185,3
4186,8
4187,1
4188,5
4189,3
4190,2
4191,8
4192,3
4193,7
4194,1
4195,6
4196,3
4197,8
4198,6
4199,2
4200,6
4201,7
4202,5
4203,3
4204,4
4205,4
4206,6
4207,1
4208,4
4209,4
4210,1
4211,9
4212,4
4213,7
4214,3
4215,3
4216,8
4217,8
4218,1
4219,2
4220,8
4221,1
4222,8
4223,8
4224,2
4225,4
4226,6
4227,9
4228,8
4229,8
4230,7
4231,9
4232,2
4233,3
4234,8
4235,6
4236,9
4237,4
4238,8
4239,3
4240,3
4241,8
4242,5
4243,3
4244,1
4245,3
4246,9
4247,5
4248,2
4249,7
4250,2
4251,4
4252,7
4253,4
4254,7
4255,7
4256,1
4257,6
4258,9
4259,2
4260,3
4261,5
4262,9
4263,4
4264,1
4265,4
4266,6
4267,5
4268,1
4269,4
4270,6
4271,4
4272,9
4273,5
4274,8
4275,9
4276,5
4277,6
4278,1
4279,7
4280,4
4281,2
4282,5
4283,3
4284,6
4285,8
4286,7
4287,3
4288,8
4289,2
4290,9
4291,4
4292,1
4293,8
4294,7
4295,5
4296,5
4297,7
4298,5
4299,8
4300,6
4301,5
4302,9
4303,2
4304,1
4305,8
4306,3
4307,7
4308,8
4309,6
4310,9
4311,7
4312,5
4313,8
4314,2
4315,7
4316,4
4317,9
4318,1
4319,7
4320,6
4321,8
4322,5
4323,1
4324,1
4325,9
4326,6
4327,5
4328,1
4329,6
4330,6
4331,3
4332,8
4333,1
4334,1
4335,6
4336,1
4337,6
4338,1
4339,6
4340,3
4341,8
4342,6
4343,1
4344,5
4345,8
4346,3
4347,6
4348,5
4349,6
4350,1
4351,7
4352,9
4353,2
4354,5
4355,4
4356,6
4357,6
4358,2
4359,2
4360,4
4361,1
4362,9
4363,7
4364,7
4365,3
4366,3
4367,1
4368,3
4369,3
4370,4
4371,4
4372,3
4373,8
4374,8
4375,1
4376,7
4377,2
4378,1
4379,3
4380,4
4381,6
4382,5
4383,4
4384,8
4385,4
4386,2
4387,3
4388,6
4389,8
4390,8
4391,9
4392,7
4393,2
4394,8
4395,7
4396,8
4397,3
4398,7
4399,9
4400,3
4401,6
4402,2
4403,2
4404,5
4405,5
4406,7
4407,2
4408,7
4409,5
4410,6
4411,8
4412,4
4413,7
4414,6
4415,2
4416,8
4417,9
4418,5
4419,4
4420,6
4421,8
4422,3
4423,1
4424,4
4425,4
4426,1
4427,9
4428,3
4429,5
4430,6
4431,8
4432,6
4433,3
4434,6
4435,1
4436,4
4437,6
4438,7
4439,3
4440,9
4441,7
4442,1
4443,2
4444,1
4445,9
4446,9
4447,7
4448,3
4449,5
4450,4
4451,7
4452,9
4453,2
4454,8
4455,9
4456,9
4457,7
4458,9
4459,9
4460,3
4461,4
4462,2
4463,3
4464,5
4465,5
4466,6
4467,7
4468,7
4469,1
4470,2
4471,9
4472,2
4473,6
4474,1
4475,3
4476,2
4477,3
4478,5
4479,6
4480,9
4481,4
4482,7
4483,6
4484,2
4485,8
4486,7
4487,7
4488,8
4489,1
4490,1
4491,8
4492,4
4493,5
4494,8
4495,5
4496,4
4497,6
4498,5
4499,7
4500,7
4501,4
4502,5
4503,3
4504,4
4505,4
4506,3
4507,5
4508,5
4509,7
4510,4
4511,4
4512,9
4513,6
4514,4
4515,2
4516,6
4517,2
4518,5
4519,6
4520,4
4521,3
4522,7
4523,2
4524,6
4525,4
4526,6
4527,4
4528,4
4529,4
4530,9
4531,7
4532,3
4533,3
4534,6
4535,6
4536,4
4537,9
4538,4
4539,9
4540,4
4541,2
4542,2
4543,5
4544,4
4545,7
4546,5
4547,6
4548,4
4549,2
4550,9
4551,7
4552,4
4553,3
4554,3
4555,9
4556,5
4557,3
4558,5
4559,2
4560,4
4561,2
4562,2
4563,8
4564,1
4565,7
4566,5
4567,8
4568,1
4569,7
4570,5
4571,4
4572,7
4573,2
4574,1
4575,1
4576,1
4577,5
4578,7
4579,2
4580,8
4581,4
4582,3
4583,8
4584,2
4585,3
4586,3
4587,1
4588,6
4589,2
4590,1
4591,2
4592,6
4593,4
4594,6
4595,9
4596,8
4597,1
4598,8
4599,9
4600,6
4601,5
4602,6
4603,6
4604,9
4605,4
4606,2
4607,9
4608,2
4609,9
4610,2
4611,8
4612,9
4613,9
4614,9
4615,2
4616,4
4617,7
4618,2
4619,1
4620,3
4621,4
4622,8
4623,6
4624,2
4625,9
4626,2
4627,5
4628,4
4629,7
4630,8
4631,5
4632,5
4633,2
4634,8
4635,2
4636,6
4637,8
4638,6
4639,4
4640,4
4641,6
4642,4
4643,8
4644,9
4645,1
4646,4
4647,4
4648,2
4649,6
4650,3
4651,7
4652,5
4653,4
4654,5
4655,8
4656,3
4657,7
4658,6
4659,1
4660,7
4661,7
4662,1
4663,9
4664,6
4665,2
4666,5
4667,4
4668,7
4669,8
4670,1
4671,5
4672,3
4673,1
4674,3
4675,6
4676,7
4677,8
4678,4
4679,3
4680,5
4681,9
4682,6
4683,9
4684,6
4685,2
4686,5
4687,9
4688,8
4689,7
4690,1
4691,4
4692,7
4693,7
4694,6
4695,8
4696,6
4697,3
4698,4
4699,3
4700,1
4701,5
4702,1
4703,1
4704,2
4705,4
4706,6
4707,8
4708,3
4709,1
4710,3
4711,3
4712,5
4713,4
4714,4
4715,9
4716,7
4717,4
4718,3
4719,6
4720,3
4721,6
4722,9
4723,6
4724,4
4725,5
4726,6
4727,3
4728,8
4729,4
4730,8
4731,3
4732,7
4733,9
4734,4
4735,8
4736,3
4737,7
4738,3
4739,7
4740,6
4741,2
4742,3
4743,6
4744,4
4745,6
4746,1
4747,1
4748,3
4749,8
4750,8
4751,4
4752,6
4753,8
4754,7
4755,7
4756,4
4757,9
4758,6
4759,3
4760,5
4761,5
4762,5
4763,8
4764,9
4765,9
4766,6
4767,6
4768,9
4769,4
4770,6
4771,4
4772,1
4773,7
4774,6
4775,9
4776,7
4777,7
4778,2
4779,9
4780,9
4781,6
4782,3
4783,1
4784,4
4785,3
4786,1
4787,3
4788,4
4789,8
4790,9
4791,3
4792,6
4793,5
4794,6
4795,4
4796,6
4797,7
4798,9
4799,7
4800,6
4801,1
4802,2
4803,1
4804,9
4805,9
4806,7
4807,2
4808,6
4809,4
4810,1
4811,1
4812,5
4813,2
4814,4
4815,1
4816,4
4817,6
4818,4
4819,1
4820,7
4821,2
4822,9
4823,3
4824,8
4825,8
4826,3
4827,4
4828,2
4829,4
4830,9
4831,2
4832,3
4833,4
4834,5
4835,1
4836,7
4837,7
4838,9
4839,4
4840,6
4841,2
4842,4
4843,2
4844,5
4845,7
4846,1
4847,7
4848,6
4849,6
4850,8
4851,8
4852,6
4853,3
4854,5
4855,2
4856,5
4857,9
4858,1
4859,5
4860,6
4861,7
4862,9
4863,6
4864,5
4865,7
4866,1
4867,5
4868,2
4869,4
4870,7
4871,5
4872,6
4873,2
4874,3
4875,7
4876,2
4877,6
4878,5
4879,1
4880,4
4881,2
4882,4
4883,1
4884,2
4885,8
4886,6
4887,2
4888,6
4889,9
4890,7
4891,9
4892,5
4893,7
4894,7
4895,3
4896,7
4897,1
4898,9
4899,6
4900,5
4901,7
4902,5
4903,5
4904,7
4905,7
4906,3
4907,3
4908,3
4909,6
4910,6
4911,3
4912,3
4913,8
4914,8
4915,7
4916,4
4917,4
4918,3
4919,5
4920,3
4921,8
4922,7
4923,3
4924,9
4925,5
4926,9
4927,7
4928,7
4929,6
4930,2
4931,9
4932,6
4933,8
4934,1
4935,5
4936,1
4937,8
4938,8
4939,1
4940,9
4941,2
4942,9
4943,1
4944,9
4945,4
4946,9
4947,7
4948,6
4949,5
4950,9
4951,2
4952,2
4953,9
4954,3
4955,8
4956,9
4957,8
4958,4
4959,1
4960,4
4961,9
4962,2
4963,3
4964,8
4965,6
4966,8
4967,7
4968,5
4969,9
4970,4
4971,6
4972,2
4973,2
4974,2
4975,7
4976,2
4977,2
4978,9
4979,7
4980,3
4981,3
4982,7
4983,5
4984,6
4985,8
4986,9
4987,1
4988,3
4989,7
4990,6
4991,7
4992,8
4993,6
4994,3
4995,2
4996,7
4997,1
4998,3
4999,4
5000,1
